-- --------------------------------------------------------
-- Host:                         127.0.0.1
-- Server version:               10.1.21-MariaDB - mariadb.org binary distribution
-- Server OS:                    Win32
-- HeidiSQL Version:             9.3.0.4984
-- --------------------------------------------------------

/*!40101 SET @OLD_CHARACTER_SET_CLIENT=@@CHARACTER_SET_CLIENT */;
/*!40101 SET NAMES utf8mb4 */;
/*!40014 SET @OLD_FOREIGN_KEY_CHECKS=@@FOREIGN_KEY_CHECKS, FOREIGN_KEY_CHECKS=0 */;
/*!40101 SET @OLD_SQL_MODE=@@SQL_MODE, SQL_MODE='NO_AUTO_VALUE_ON_ZERO' */;

-- Dumping database structure for sigv2
DROP DATABASE IF EXISTS `sigv2`;
CREATE DATABASE IF NOT EXISTS `sigv2` /*!40100 DEFAULT CHARACTER SET utf8 COLLATE utf8_unicode_ci */;
USE `sigv2`;


-- Dumping structure for table sigv2.cargo
DROP TABLE IF EXISTS `cargo`;
CREATE TABLE IF NOT EXISTS `cargo` (
  `cargo_id` bigint(20) NOT NULL,
  `vessel_id` bigint(20) NOT NULL,
  `trip_id` bigint(20) NOT NULL,
  `quantity` double NOT NULL,
  `type` varchar(25) CHARACTER SET utf8 NOT NULL,
  `quantity_type` varchar(25) CHARACTER SET utf8 NOT NULL
) ENGINE=InnoDB DEFAULT CHARSET=utf8 COLLATE=utf8_unicode_ci;

-- Dumping data for table sigv2.cargo: ~49 rows (approximately)
/*!40000 ALTER TABLE `cargo` DISABLE KEYS */;
REPLACE INTO `cargo` (`cargo_id`, `vessel_id`, `trip_id`, `quantity`, `type`, `quantity_type`) VALUES
	(7, 2, 18, 4, 'dangerous', 'fd'),
	(8, 2, 19, 4, 'dangerous', 'fd'),
	(127, 2, 13, 4, 'dangerous', 'fd'),
	(128, 2, 13, 213, 'dangerous', '1234'),
	(129, 2, 13, 213, 'dangerous', '12342134'),
	(130, 2, 13, 2314, 'dangerous', '2134'),
	(133, 1, 38, 0, 'dangerous', ''),
	(176, 1, 36, 1, 'dangerous', '1'),
	(177, 1, 36, 2, 'dangerous', '2'),
	(258, 9, 34, 2134, 'dangerous', '1234'),
	(287, 1, 32, 1, 'dangerous', '1'),
	(288, 1, 32, 2, 'dangerous', '2'),
	(289, 1, 32, 3, 'polluant', '3'),
	(290, 1, 32, 4, 'dangerous', '4'),
	(291, 1, 36, 1, 'dangerous', '1'),
	(292, 1, 36, 2, 'dangerous', '2'),
	(293, 1, 36, 3, 'polluant', '3'),
	(294, 1, 36, 4, 'dangerous', '4'),
	(295, 4, 38, 1, 'dangerous', '1'),
	(296, 4, 38, 2, 'dangerous', '2'),
	(312, 7, 41, 123, 'dangerous', '123'),
	(313, 7, 41, 1234, 'dangerous', '1234'),
	(314, 1, 43, 1, 'dangerous', '1'),
	(315, 1, 43, 2, 'dangerous', '2'),
	(316, 1, 43, 3, 'polluant', '3'),
	(317, 1, 43, 4, 'dangerous', '4'),
	(318, 1, 43, 0, 'dangerous', ''),
	(329, 1, 42, 1, 'dangerous', '1'),
	(330, 1, 42, 2, 'dangerous', '2'),
	(331, 1, 42, 3, 'polluant', '3'),
	(332, 1, 42, 4, 'dangerous', '4'),
	(333, 1, 42, 0, 'dangerous', ''),
	(352, 4, 37, 1, 'dangerous', '1'),
	(353, 4, 37, 2, 'dangerous', '2'),
	(355, 1, 14, 1, 'dangerous', '1'),
	(356, 1, 14, 2, 'dangerous', '2'),
	(357, 1, 14, 3, 'polluant', '3'),
	(358, 1, 14, 4, 'dangerous', '4'),
	(362, 1, 55, 35, 'polluant', 'te'),
	(363, 1, 55, 35123, 'polluant', '123'),
	(364, 1, 55, 2134, 'polluant', '1234'),
	(374, 1, 57, 25, 'dangerous', '25'),
	(375, 1, 57, 125, 'dangerous', '125'),
	(376, 1, 57, 144, 'dangerous', '144'),
	(377, 1, 57, 15, 'dangerous', '15'),
	(378, 1, 57, 15, 'dangerous', '15'),
	(379, 1, 62, 144, 'polluant', '144'),
	(380, 2, 65, 12, 'polluant', 'B'),
	(381, 0, 72, 3, 'dangerous', 'B');
/*!40000 ALTER TABLE `cargo` ENABLE KEYS */;


-- Dumping structure for table sigv2.certificates
DROP TABLE IF EXISTS `certificates`;
CREATE TABLE IF NOT EXISTS `certificates` (
  `certificate_id` bigint(20) NOT NULL,
  `prim_lang_desc` varchar(100) CHARACTER SET utf8 NOT NULL,
  `seco_lang_desc` varchar(100) CHARACTER SET utf8 NOT NULL
) ENGINE=InnoDB DEFAULT CHARSET=utf8 COLLATE=utf8_unicode_ci;

-- Dumping data for table sigv2.certificates: ~0 rows (approximately)
/*!40000 ALTER TABLE `certificates` DISABLE KEYS */;
/*!40000 ALTER TABLE `certificates` ENABLE KEYS */;


-- Dumping structure for table sigv2.certification
DROP TABLE IF EXISTS `certification`;
CREATE TABLE IF NOT EXISTS `certification` (
  `certification_id` bigint(20) NOT NULL,
  `vessel_id` bigint(20) NOT NULL,
  `certificate_id` bigint(20) NOT NULL,
  `expiration_date_time` datetime NOT NULL
) ENGINE=InnoDB DEFAULT CHARSET=utf8 COLLATE=utf8_unicode_ci;

-- Dumping data for table sigv2.certification: ~0 rows (approximately)
/*!40000 ALTER TABLE `certification` DISABLE KEYS */;
/*!40000 ALTER TABLE `certification` ENABLE KEYS */;


-- Dumping structure for table sigv2.defect
DROP TABLE IF EXISTS `defect`;
CREATE TABLE IF NOT EXISTS `defect` (
  `defect_id` bigint(20) NOT NULL,
  `vessel_id` bigint(20) NOT NULL,
  `description` varchar(100) CHARACTER SET utf8 NOT NULL,
  `type` varchar(25) CHARACTER SET utf8 NOT NULL
) ENGINE=InnoDB DEFAULT CHARSET=utf8 COLLATE=utf8_unicode_ci;

-- Dumping data for table sigv2.defect: ~2 rows (approximately)
/*!40000 ALTER TABLE `defect` DISABLE KEYS */;
REPLACE INTO `defect` (`defect_id`, `vessel_id`, `description`, `type`) VALUES
	(1, 3, 'Antenne AIS', 'AIS'),
	(2, 5, 'Engines', 'Engine');
/*!40000 ALTER TABLE `defect` ENABLE KEYS */;


-- Dumping structure for table sigv2.fleet
DROP TABLE IF EXISTS `fleet`;
CREATE TABLE IF NOT EXISTS `fleet` (
  `fleet_id` bigint(20) NOT NULL,
  `name` varchar(75) CHARACTER SET utf8 NOT NULL
) ENGINE=InnoDB DEFAULT CHARSET=utf8 COLLATE=utf8_unicode_ci;

-- Dumping data for table sigv2.fleet: ~5 rows (approximately)
/*!40000 ALTER TABLE `fleet` DISABLE KEYS */;
REPLACE INTO `fleet` (`fleet_id`, `name`) VALUES
	(1, 'Traversier'),
	(2, 'Cargo'),
	(3, 'test'),
	(4, 'Coast Guard'),
	(5, 'Desgagnes');
/*!40000 ALTER TABLE `fleet` ENABLE KEYS */;


-- Dumping structure for table sigv2.fleet_members
DROP TABLE IF EXISTS `fleet_members`;
CREATE TABLE IF NOT EXISTS `fleet_members` (
  `member_id` bigint(20) NOT NULL,
  `vessel_id` bigint(20) NOT NULL,
  `fleet_id` bigint(20) NOT NULL
) ENGINE=InnoDB DEFAULT CHARSET=utf8 COLLATE=utf8_unicode_ci;

-- Dumping data for table sigv2.fleet_members: ~19 rows (approximately)
/*!40000 ALTER TABLE `fleet_members` DISABLE KEYS */;
REPLACE INTO `fleet_members` (`member_id`, `vessel_id`, `fleet_id`) VALUES
	(11, 4, 2),
	(12, 6, 2),
	(13, 8, 2),
	(14, 2, 3),
	(15, 1, 3),
	(16, 6, 3),
	(18, 2, 4),
	(20, 5, 4),
	(24, 9, 4),
	(26, 5, 1),
	(27, 9, 1),
	(28, 3, 3),
	(29, 4, 3),
	(30, 5, 3),
	(31, 7, 3),
	(32, 8, 3),
	(33, 9, 3),
	(34, 10, 3),
	(35, 3, 4);
/*!40000 ALTER TABLE `fleet_members` ENABLE KEYS */;


-- Dumping structure for table sigv2.lat_long
DROP TABLE IF EXISTS `lat_long`;
CREATE TABLE IF NOT EXISTS `lat_long` (
  `lat_long_id` bigint(20) NOT NULL,
  `location_id` bigint(20) NOT NULL,
  `latitude` float NOT NULL,
  `longitude` float NOT NULL,
  `rank` bigint(20) NOT NULL
) ENGINE=InnoDB DEFAULT CHARSET=utf8 COLLATE=utf8_unicode_ci;

-- Dumping data for table sigv2.lat_long: ~183 rows (approximately)
/*!40000 ALTER TABLE `lat_long` DISABLE KEYS */;
REPLACE INTO `lat_long` (`lat_long_id`, `location_id`, `latitude`, `longitude`, `rank`) VALUES
	(1, 1, 46.8211, -71.2066, 1),
	(2, 2, 45.5125, -73.5485, 1),
	(3, 3, 45, 63, 1),
	(4, 4, 55, 55, 1),
	(5, 5, 5, 55, 1),
	(6, 6, 3, -3, 1),
	(7, 7, 8, 14, 1),
	(8, 8, 4, -3, 2),
	(9, 9, 7, 12, 2),
	(10, 10, 12, 12, 1),
	(11, 11, -10, 5, 1),
	(12, 12, 9, -5, 1),
	(13, 13, 3, -3, 1),
	(14, 14, 3, -2, 1),
	(15, 15, -1, 10, 1),
	(16, 16, 1, -1, 1),
	(17, 17, 69.55, -74.56, 1),
	(18, 18, 2, -2, 1),
	(19, 19, 44.44, 44.44, 1),
	(20, 20, 43, 343, 1),
	(21, 21, 0, 0, 1),
	(22, 21, 4, 4, 1),
	(23, 22, 0, 0, 1),
	(24, 23, 55, -36, 1),
	(25, 24, 0, 0, 1),
	(26, 25, 0, 0, 1),
	(27, 26, 0, 0, 1),
	(28, 27, 0, 0, 1),
	(29, 28, 4, 4, 1),
	(30, 29, 0, 0, 1),
	(31, 30, 0, 0, 1),
	(32, 31, 0, 0, 1),
	(33, 32, 0, 0, 1),
	(34, 33, 0, 0, 1),
	(35, 34, 0, 0, 1),
	(36, 35, 0, 0, 1),
	(37, 36, 0, 0, 1),
	(38, 37, 0, 0, 1),
	(39, 38, 0, 0, 1),
	(40, 39, 0, 0, 1),
	(41, 40, 0, 0, 1),
	(42, 41, 0, 0, 1),
	(43, 42, 0, 0, 1),
	(44, 43, 0, 0, 1),
	(45, 44, 0, 0, 1),
	(46, 45, 0, 0, 1),
	(47, 46, 0, 0, 1),
	(48, 47, 0, 0, 1),
	(49, 48, 0, 0, 1),
	(50, 49, 0, 0, 1),
	(51, 50, 155, 155, 2),
	(52, 51, 0, 0, 1),
	(53, 52, 0, 0, 1),
	(54, 53, 0, 0, 1),
	(55, 54, 0, 0, 1),
	(56, 55, 277, 277, 1),
	(57, 56, 0, 0, 1),
	(58, 57, 0, 0, 1),
	(59, 58, 0, 0, 1),
	(60, 59, 0, 0, 1),
	(61, 60, 26, 26, 1),
	(62, 61, 0, 0, 1),
	(63, 62, 0, 0, 1),
	(64, 63, 0, 0, 1),
	(65, 64, 0, 0, 1),
	(66, 65, 25, 25, 2),
	(67, 66, 125, 125, 1),
	(68, 67, 0, 0, 1),
	(69, 68, 0, 0, 1),
	(70, 69, 0, 0, 1),
	(71, 70, 0, 0, 1),
	(72, 71, 144, 144, 2),
	(73, 72, 0, 0, 1),
	(74, 73, 0, 0, 1),
	(75, 74, 0, 0, 1),
	(76, 75, 0, 0, 1),
	(77, 76, 15, 15, 2),
	(78, 77, 0, 0, 1),
	(79, 78, 0, 0, 1),
	(80, 79, 0, 0, 1),
	(81, 80, 0, 0, 1),
	(82, 81, 15, 15, 2),
	(83, 82, 0, 0, 1),
	(84, 83, 0, 0, 1),
	(85, 84, 0, 0, 1),
	(86, 85, 0, 0, 1),
	(87, 86, 25, 25, 2),
	(88, 87, 0, 0, 1),
	(89, 88, 0, 0, 1),
	(90, 89, 0, 0, 1),
	(91, 90, 44, 44, 1),
	(92, 91, 0, 0, 1),
	(93, 92, 0, 0, 1),
	(94, 93, 0, 0, 1),
	(95, 94, 0, 0, 1),
	(96, 95, 1, 1, 2),
	(97, 96, 0, 0, 1),
	(98, 97, 0, 0, 1),
	(99, 98, 0, 0, 1),
	(100, 99, 0, 0, 1),
	(101, 100, 44, 44, 1),
	(102, 101, 0, 0, 1),
	(103, 102, 0, 0, 1),
	(104, 103, 0, 0, 1),
	(105, 104, 0, 0, 1),
	(106, 105, 0, 0, 1),
	(107, 106, 0, 0, 1),
	(108, 107, 0, 0, 1),
	(109, 108, 0, 0, 1),
	(110, 109, 0, 0, 1),
	(111, 110, 0, 0, 1),
	(112, 111, 0, 0, 1),
	(113, 112, 0, 0, 1),
	(114, 113, 0, 0, 1),
	(115, 114, 0, 0, 1),
	(116, 115, 0, 0, 1),
	(117, 116, 0, 0, 1),
	(118, 117, 25, 25, 1),
	(119, 118, 11, 11, 1),
	(120, 119, 12, 12, 1),
	(121, 120, 0, 0, 1),
	(122, 121, 12, 12, 1),
	(123, 122, 12, 12, 1),
	(124, 123, 12, 12, 1),
	(125, 124, 255, 255, 1),
	(126, 125, 0, 0, 1),
	(127, 126, 0, 0, 1),
	(128, 127, 255, 0, 1),
	(129, 128, 0, 0, 1),
	(130, 129, 2555, 2555, 1),
	(131, 130, 0, 0, 1),
	(132, 131, 0, 0, 1),
	(133, 132, 0, 0, 1),
	(134, 133, 0, 0, 1),
	(135, 134, 0, 0, 1),
	(136, 135, 0, 0, 1),
	(137, 136, 0, 0, 1),
	(138, 137, 0, 0, 1),
	(139, 138, 0, 0, 1),
	(140, 139, 0, 0, 1),
	(141, 140, 0, 0, 1),
	(142, 141, 0, 0, 1),
	(143, 142, 0, 0, 1),
	(144, 143, 0, 0, 1),
	(145, 144, 0, 0, 1),
	(146, 145, 0, 0, 1),
	(147, 146, 0, 0, 1),
	(148, 147, 0, 0, 1),
	(149, 148, 0, 0, 1),
	(150, 149, 0, 0, 1),
	(151, 150, 0, 0, 1),
	(152, 151, 0, 0, 1),
	(153, 152, 0, 0, 1),
	(154, 153, 0, 0, 1),
	(155, 154, 0, 0, 1),
	(156, 155, 0, 0, 1),
	(157, 156, 0, 0, 1),
	(158, 157, 0, 0, 1),
	(159, 158, 0, 0, 1),
	(160, 159, 0, 0, 1),
	(161, 160, 0, 0, 1),
	(162, 161, 0, 0, 1),
	(163, 162, 0, 0, 1),
	(164, 163, 0, 0, 1),
	(165, 164, 0, 0, 1),
	(166, 165, 0, 0, 1),
	(167, 166, 0, 0, 1),
	(168, 167, 0, 0, 1),
	(169, 168, 0, 0, 1),
	(170, 169, 0, 0, 1),
	(171, 170, 0, 0, 1),
	(172, 171, 0, 0, 1),
	(173, 172, 0, 0, 1),
	(174, 173, 0, 0, 1),
	(175, 174, 0, 0, 1),
	(176, 175, -2, 5, 1),
	(177, 176, 5, 0, 1),
	(178, 177, 0, 0, 1),
	(179, 178, 0, 0, 1),
	(180, 179, 0, 0, 1),
	(181, 180, 0, 0, 1),
	(182, 4, 0, 0, 1),
	(183, 5, 0, 0, 1);
/*!40000 ALTER TABLE `lat_long` ENABLE KEYS */;


-- Dumping structure for table sigv2.location
DROP TABLE IF EXISTS `location`;
CREATE TABLE IF NOT EXISTS `location` (
  `location_id` bigint(20) NOT NULL,
  `prim_lang_name` varchar(100) CHARACTER SET utf8 NOT NULL,
  `seco_lang_name` varchar(100) CHARACTER SET utf8 NOT NULL,
  `location_type` varchar(25) CHARACTER SET utf8 NOT NULL
) ENGINE=InnoDB DEFAULT CHARSET=utf8 COLLATE=utf8_unicode_ci;

-- Dumping data for table sigv2.location: ~5 rows (approximately)
/*!40000 ALTER TABLE `location` DISABLE KEYS */;
REPLACE INTO `location` (`location_id`, `prim_lang_name`, `seco_lang_name`, `location_type`) VALUES
	(1, 'Port de Québec', 'Port of Quebec', 'Port'),
	(2, 'Port de Montréal', 'Port of Montreal', 'Port'),
	(3, 'Montréal', 'Montreal', 'Ville'),
	(4, '00', '00', 'LLP'),
	(5, '00', '00', 'LLP');
/*!40000 ALTER TABLE `location` ENABLE KEYS */;


-- Dumping structure for table sigv2.myattempt
DROP TABLE IF EXISTS `myattempt`;
CREATE TABLE IF NOT EXISTS `myattempt` (
  `id` int(10) unsigned DEFAULT NULL,
  `lat` float unsigned DEFAULT NULL,
  `lon` float unsigned DEFAULT NULL
) ENGINE=InnoDB DEFAULT CHARSET=utf8 COLLATE=utf8_unicode_ci;

-- Dumping data for table sigv2.myattempt: ~0 rows (approximately)
/*!40000 ALTER TABLE `myattempt` DISABLE KEYS */;
/*!40000 ALTER TABLE `myattempt` ENABLE KEYS */;


-- Dumping structure for table sigv2.rights
DROP TABLE IF EXISTS `rights`;
CREATE TABLE IF NOT EXISTS `rights` (
  `right_id` bigint(20) NOT NULL,
  `prim_lang_name` varchar(75) CHARACTER SET utf8 NOT NULL,
  `seco_lang_name` varchar(75) CHARACTER SET utf8 NOT NULL,
  `code` varchar(10) CHARACTER SET utf8 NOT NULL
) ENGINE=InnoDB DEFAULT CHARSET=utf8 COLLATE=utf8_unicode_ci;

-- Dumping data for table sigv2.rights: ~6 rows (approximately)
/*!40000 ALTER TABLE `rights` DISABLE KEYS */;
REPLACE INTO `rights` (`right_id`, `prim_lang_name`, `seco_lang_name`, `code`) VALUES
	(1, 'Administrator zone', 'Zone administrative', 'ADM'),
	(2, 'Vessel', 'Navire', 'VSL'),
	(3, 'Map', 'Carte', 'MAP'),
	(4, 'Tombstone', 'Données immuables', 'TMB'),
	(5, 'Add Trip', 'Ajout voyage', 'ADT'),
	(6, 'Trip', 'Voyage', 'TRP');
/*!40000 ALTER TABLE `rights` ENABLE KEYS */;


-- Dumping structure for table sigv2.role_rights
DROP TABLE IF EXISTS `role_rights`;
CREATE TABLE IF NOT EXISTS `role_rights` (
  `role_right_id` int(11) NOT NULL,
  `user_role_id` bigint(20) NOT NULL,
  `right_id` bigint(20) NOT NULL
) ENGINE=InnoDB DEFAULT CHARSET=utf8 COLLATE=utf8_unicode_ci;

-- Dumping data for table sigv2.role_rights: ~18 rows (approximately)
/*!40000 ALTER TABLE `role_rights` DISABLE KEYS */;
REPLACE INTO `role_rights` (`role_right_id`, `user_role_id`, `right_id`) VALUES
	(1, 1, 1),
	(2, 1, 2),
	(3, 1, 3),
	(4, 1, 4),
	(5, 1, 5),
	(6, 1, 6),
	(7, 2, 2),
	(8, 2, 3),
	(9, 2, 4),
	(10, 2, 6),
	(11, 3, 2),
	(12, 3, 3),
	(13, 3, 4),
	(14, 6, 2),
	(15, 6, 4),
	(16, 6, 5),
	(17, 6, 6),
	(18, 6, 3);
/*!40000 ALTER TABLE `role_rights` ENABLE KEYS */;


-- Dumping structure for table sigv2.status
DROP TABLE IF EXISTS `status`;
CREATE TABLE IF NOT EXISTS `status` (
  `status_id` bigint(20) NOT NULL,
  `prim_lang_name` varchar(75) CHARACTER SET utf8 NOT NULL,
  `seco_lang_name` varchar(75) CHARACTER SET utf8 NOT NULL,
  `status_code` varchar(3) CHARACTER SET utf8 NOT NULL
) ENGINE=InnoDB DEFAULT CHARSET=utf8 COLLATE=utf8_unicode_ci;

-- Dumping data for table sigv2.status: ~26 rows (approximately)
/*!40000 ALTER TABLE `status` DISABLE KEYS */;
REPLACE INTO `status` (`status_id`, `prim_lang_name`, `seco_lang_name`, `status_code`) VALUES
	(1, 'New', 'Nouveau', 'USR'),
	(2, 'Active', 'Actif', 'USR'),
	(3, 'Inactive', 'Inactif', 'USR'),
	(4, 'Moving', 'En mouvement', 'VSL'),
	(5, 'Stop', 'Arrêt', 'VSL'),
	(6, 'Out of Canadian water', 'Hors des eaux Canadiennes', 'VSL'),
	(7, 'Incomplete', 'Incomplet', 'TRP'),
	(8, 'Cancel', 'Annuler', 'TRP'),
	(9, 'Ready to be approved', 'Prêt à approuver', 'TRP'),
	(10, 'Approved', 'Approuver', 'TRP'),
	(11, 'Archive', 'Archiver', 'TRP'),
	(13, 'At anchor', 'Ancré', 'VSL'),
	(14, 'Not under command', 'Sans commande', 'VSL'),
	(15, 'Restricted maneuverability', 'Manoeuvrabilité restreinte', 'VSL'),
	(16, 'Constrained by her draught', 'Contraint par son tirant d\'eau', 'VSL'),
	(17, 'Moored', 'Amarré', 'VSL'),
	(18, 'Aground', 'Échoué', 'VSL'),
	(19, 'Engaged in fishing', 'Occupé à pêché', 'VSL'),
	(20, 'Under way sailing', 'En cours de navigation', 'VSL'),
	(21, 'Reserved for future ships carrying hazard or polluant', 'Réservé pour futurs navires transportant des substances polluantes', 'VSL'),
	(22, 'Reserved for future ships carrying dangerous goods', 'Réservé pour futurs navires transportant des substances dangereuses', 'VSL'),
	(23, 'Power-driven vessel towing asterns', 'Remorquage de navire par la poupe', 'VSL'),
	(24, 'Power-driven vessel pushing ahead or towing alongside', 'Navire à propulsion mécanique qui remorque', 'VSL'),
	(25, 'Reserved for future use', 'Réservé pour utilisation future', 'VSL'),
	(26, 'AIS-SART (active)', 'AIS-SART (actif)', 'VSL'),
	(27, 'Undefined', 'Non défini', 'VSL');
/*!40000 ALTER TABLE `status` ENABLE KEYS */;


-- Dumping structure for table sigv2.test
DROP TABLE IF EXISTS `test`;
CREATE TABLE IF NOT EXISTS `test` (
  `id` int(11) NOT NULL,
  `name` varchar(45) COLLATE utf8_unicode_ci DEFAULT NULL,
  PRIMARY KEY (`id`)
) ENGINE=InnoDB DEFAULT CHARSET=utf8 COLLATE=utf8_unicode_ci;

-- Dumping data for table sigv2.test: ~4 rows (approximately)
/*!40000 ALTER TABLE `test` DISABLE KEYS */;
REPLACE INTO `test` (`id`, `name`) VALUES
	(2, 'Name 2'),
	(22, 'bob'),
	(88, 'sdgsdfg');
/*!40000 ALTER TABLE `test` ENABLE KEYS */;


-- Dumping structure for table sigv2.traffic_event
DROP TABLE IF EXISTS `traffic_event`;
CREATE TABLE IF NOT EXISTS `traffic_event` (
  `event_id` bigint(20) NOT NULL,
  `estimate_date_and_time` datetime NOT NULL,
  `actual_date_and_time` datetime NOT NULL,
  `vessel_id` bigint(20) NOT NULL,
  `trip_id` bigint(20) NOT NULL,
  `event_type` varchar(25) CHARACTER SET utf8 NOT NULL,
  `location_id` bigint(20) NOT NULL,
  `speed` float NOT NULL,
  `course` float NOT NULL,
  `rank_numb` float NOT NULL
) ENGINE=InnoDB DEFAULT CHARSET=utf8 COLLATE=utf8_unicode_ci;

-- Dumping data for table sigv2.traffic_event: ~282 rows (approximately)
/*!40000 ALTER TABLE `traffic_event` DISABLE KEYS */;
REPLACE INTO `traffic_event` (`event_id`, `estimate_date_and_time`, `actual_date_and_time`, `vessel_id`, `trip_id`, `event_type`, `location_id`, `speed`, `course`, `rank_numb`) VALUES
	(1, '9999-04-23 01:00:00', '2018-04-26 14:56:00', 5, 8, 'current', 3, 55, 55, 1),
	(2, '2018-04-23 13:00:00', '2018-04-25 19:54:00', 5, 8, 'destination', 1, 0, 0, 1),
	(0, '0001-01-01 00:00:00', '2018-04-27 19:52:00', 1, 1, 'destination', 1, 0, 0, 1),
	(3, '2018-04-24 00:00:00', '2018-04-24 14:50:00', 2, 13, 'current', 5, 44, 4, 1),
	(4, '2018-04-27 00:00:00', '2018-04-24 14:50:00', 2, 13, 'destination', 1, 0, 0, 1),
	(5, '2018-06-23 18:48:00', '2018-04-27 20:33:00', 1, 14, 'current', 2, 214, 214, 1),
	(6, '2018-04-23 18:48:00', '2018-04-27 20:33:00', 1, 14, 'destination', 1, 0, 0, 1),
	(0, '0001-01-01 00:00:00', '2018-04-27 19:52:00', 1, 15, 'destination', 1, 0, 0, 1),
	(7, '2018-04-24 15:24:00', '2018-04-24 15:24:00', 2, 19, 'waypoint', 7, 0, 0, 1),
	(8, '2018-04-24 15:47:00', '2018-04-24 15:47:00', 7, 24, 'waypoint', 8, 0, 0, 2),
	(9, '2018-04-24 15:50:00', '2018-04-24 15:50:00', 9, 25, 'waypoint', 9, 0, 0, 2),
	(10, '2018-04-24 15:51:00', '2018-04-24 15:51:00', 9, 26, 'waypoint', 10, 0, 0, 1),
	(11, '2018-04-24 15:51:00', '2018-04-24 15:51:00', 9, 26, 'waypoint', 11, 0, 0, 1),
	(12, '2018-04-24 17:07:00', '2018-04-24 17:07:00', 6, 27, 'waypoint', 12, 0, 0, 1),
	(13, '2018-04-24 17:07:00', '2018-04-24 17:07:00', 8, 28, 'waypoint', 13, 0, 0, 1),
	(56, '9999-01-01 00:00:00', '2018-04-26 14:55:00', 2, 30, 'current', 1, 0, 3, 1),
	(57, '0001-01-01 00:00:00', '2018-04-26 12:32:00', 2, 30, 'destination', 2, 0, 0, 1),
	(58, '0001-01-01 00:00:00', '2018-04-26 12:32:00', 2, 30, 'enterVTS', 1, 0, 0, 1),
	(59, '0001-01-01 00:00:00', '2018-04-26 12:32:00', 2, 30, 'exitVTS', 2, 0, 0, 1),
	(60, '0001-01-01 00:00:00', '2018-04-26 15:05:00', 4, 31, 'current', 2, 2, 1, 1),
	(61, '0001-01-01 00:00:00', '2018-04-26 12:39:00', 4, 31, 'destination', 1, 0, 0, 1),
	(62, '0001-01-01 00:00:00', '2018-04-26 12:39:00', 4, 31, 'enterVTS', 2, 0, 0, 1),
	(63, '0001-01-01 00:00:00', '2018-04-26 12:39:00', 4, 31, 'exitVTS', 1, 0, 0, 1),
	(68, '2018-04-24 17:34:00', '2018-04-24 17:34:00', 5, 8, 'waypoint', 14, 0, 0, 1),
	(69, '2018-04-24 18:52:00', '2018-04-24 18:52:00', 5, 8, 'waypoint', 16, 0, 0, 1),
	(74, '2019-05-01 01:00:00', '2018-04-26 19:53:00', 3, 31, 'current', 17, 244, 244, 1),
	(75, '2019-01-01 01:00:00', '2018-04-26 17:52:00', 3, 31, 'destination', 1, 0, 0, 1),
	(76, '2019-02-01 00:00:00', '2018-04-26 17:52:00', 3, 31, 'exitVTS', 1, 0, 0, 1),
	(107, '0001-01-01 00:00:00', '2018-04-27 13:33:00', 10, 33, 'destination', 1, 0, 0, 1),
	(0, '0001-01-01 00:00:00', '2018-04-27 19:52:00', 10, 33, 'destination', 1, 0, 0, 1),
	(1, '9999-04-23 01:00:00', '2018-04-26 14:56:00', 5, 8, 'current', 3, 55, 55, 1),
	(2, '2018-04-23 13:00:00', '2018-04-25 19:54:00', 5, 8, 'destination', 1, 0, 0, 1),
	(0, '0001-01-01 00:00:00', '2018-04-27 19:52:00', 1, 1, 'destination', 1, 0, 0, 1),
	(3, '2018-04-24 00:00:00', '2018-04-24 14:50:00', 2, 13, 'current', 5, 44, 4, 1),
	(4, '2018-04-27 00:00:00', '2018-04-24 14:50:00', 2, 13, 'destination', 1, 0, 0, 1),
	(5, '2018-06-23 18:48:00', '2018-04-27 20:33:00', 1, 14, 'current', 2, 214, 214, 1),
	(6, '2018-04-23 18:48:00', '2018-04-27 20:33:00', 1, 14, 'destination', 1, 0, 0, 1),
	(0, '0001-01-01 00:00:00', '2018-04-27 19:52:00', 1, 15, 'destination', 1, 0, 0, 1),
	(7, '2018-04-24 15:24:00', '2018-04-24 15:24:00', 2, 19, 'waypoint', 7, 0, 0, 1),
	(8, '2018-04-24 15:47:00', '2018-04-24 15:47:00', 7, 24, 'waypoint', 8, 0, 0, 2),
	(9, '2018-04-24 15:50:00', '2018-04-24 15:50:00', 9, 25, 'waypoint', 9, 0, 0, 2),
	(10, '2018-04-24 15:51:00', '2018-04-24 15:51:00', 9, 26, 'waypoint', 10, 0, 0, 1),
	(11, '2018-04-24 15:51:00', '2018-04-24 15:51:00', 9, 26, 'waypoint', 11, 0, 0, 1),
	(12, '2018-04-24 17:07:00', '2018-04-24 17:07:00', 6, 27, 'waypoint', 12, 0, 0, 1),
	(13, '2018-04-24 17:07:00', '2018-04-24 17:07:00', 8, 28, 'waypoint', 13, 0, 0, 1),
	(56, '9999-01-01 00:00:00', '2018-04-26 14:55:00', 2, 30, 'current', 1, 0, 3, 1),
	(57, '0001-01-01 00:00:00', '2018-04-26 12:32:00', 2, 30, 'destination', 2, 0, 0, 1),
	(58, '0001-01-01 00:00:00', '2018-04-26 12:32:00', 2, 30, 'enterVTS', 1, 0, 0, 1),
	(59, '0001-01-01 00:00:00', '2018-04-26 12:32:00', 2, 30, 'exitVTS', 2, 0, 0, 1),
	(60, '0001-01-01 00:00:00', '2018-04-26 15:05:00', 4, 31, 'current', 2, 2, 1, 1),
	(61, '0001-01-01 00:00:00', '2018-04-26 12:39:00', 4, 31, 'destination', 1, 0, 0, 1),
	(62, '0001-01-01 00:00:00', '2018-04-26 12:39:00', 4, 31, 'enterVTS', 2, 0, 0, 1),
	(63, '0001-01-01 00:00:00', '2018-04-26 12:39:00', 4, 31, 'exitVTS', 1, 0, 0, 1),
	(68, '2018-04-24 17:34:00', '2018-04-24 17:34:00', 5, 8, 'waypoint', 14, 0, 0, 1),
	(69, '2018-04-24 18:52:00', '2018-04-24 18:52:00', 5, 8, 'waypoint', 16, 0, 0, 1),
	(74, '2019-05-01 01:00:00', '2018-04-26 19:53:00', 3, 31, 'current', 17, 244, 244, 1),
	(75, '2019-01-01 01:00:00', '2018-04-26 17:52:00', 3, 31, 'destination', 1, 0, 0, 1),
	(76, '2019-02-01 00:00:00', '2018-04-26 17:52:00', 3, 31, 'exitVTS', 1, 0, 0, 1),
	(129, '2018-04-24 17:34:00', '2018-04-24 17:34:00', 9, 34, 'waypoint', 14, 0, 0, 1),
	(130, '2018-04-24 18:52:00', '2018-04-24 18:52:00', 9, 34, 'waypoint', 16, 0, 0, 1),
	(131, '2018-04-24 17:34:00', '2018-04-24 17:34:00', 9, 34, 'waypoint', 14, 0, 0, 1),
	(132, '2018-04-24 18:52:00', '2018-04-24 18:52:00', 9, 34, 'waypoint', 16, 0, 0, 1),
	(147, '2018-04-26 19:53:00', '2018-04-26 19:53:00', 1, 32, 'waypoint', 18, 0, 0, 1),
	(148, '2018-04-26 19:53:00', '2018-04-26 19:53:00', 1, 32, 'waypoint', 18, 0, 0, 1),
	(149, '0001-01-01 00:00:00', '2018-04-27 15:00:00', 1, 35, 'current', 1, 15, 15, 1),
	(150, '0001-01-01 00:00:00', '2018-04-27 15:00:00', 1, 35, 'destination', 1, 0, 0, 1),
	(151, '0001-01-01 00:00:00', '2018-04-27 15:00:00', 1, 35, 'enterVTS', 1, 0, 0, 1),
	(152, '0001-01-01 00:00:00', '2018-04-27 15:00:00', 1, 35, 'exitVTS', 1, 0, 0, 1),
	(153, '0001-01-01 00:00:00', '2018-04-27 15:01:00', 1, 36, 'current', 1, 0, 0, 1),
	(154, '0001-01-01 00:00:00', '2018-04-27 15:01:00', 1, 36, 'destination', 1, 0, 0, 1),
	(155, '0001-01-01 00:00:00', '2018-04-27 15:01:00', 1, 36, 'enterVTS', 1, 0, 0, 1),
	(156, '0001-01-01 00:00:00', '2018-04-27 15:01:00', 1, 36, 'exitVTS', 2, 0, 0, 1),
	(157, '2018-04-26 19:53:00', '2018-04-26 19:53:00', 1, 36, 'waypoint', 18, 0, 0, 1),
	(158, '2018-04-26 19:53:00', '2018-04-26 19:53:00', 1, 36, 'waypoint', 18, 0, 0, 1),
	(159, '0001-01-01 00:00:00', '2018-04-27 19:34:00', 4, 37, 'exitVTS', 1, 0, 0, 1),
	(0, '0001-01-01 00:00:00', '2018-04-27 19:52:00', 7, 41, 'destination', 1, 0, 0, 1),
	(0, '0001-01-01 00:00:00', '2018-04-27 19:52:00', 7, 41, 'destination', 1, 0, 0, 1),
	(160, '0001-01-01 00:00:00', '2018-04-27 15:34:00', 1, 42, 'current', 2, 16, 16, 1),
	(0, '0001-01-01 00:00:00', '2018-04-27 19:52:00', 7, 41, 'destination', 1, 0, 0, 1),
	(163, '0001-01-01 00:00:00', '2018-04-27 15:00:00', 1, 43, 'current', 1, 15, 15, 1),
	(164, '2018-05-24 16:58:00', '2018-04-27 15:27:00', 1, 43, 'destination', 1, 0, 0, 1),
	(165, '2018-05-24 16:58:00', '2018-04-27 15:27:00', 1, 43, 'enterVTS', 1, 0, 0, 1),
	(166, '2018-05-24 16:58:00', '2018-04-27 15:27:00', 1, 43, 'exitVTS', 1, 0, 0, 1),
	(167, '2018-04-26 19:53:00', '2018-04-26 19:53:00', 1, 43, 'waypoint', 18, 0, 0, 1),
	(168, '2018-04-26 19:53:00', '2018-04-26 19:53:00', 1, 43, 'waypoint', 18, 0, 0, 1),
	(171, '2018-04-27 00:00:00', '2018-04-27 15:32:00', 4, 46, 'current', 21, 44, 44, 1),
	(0, '0001-01-01 00:00:00', '2018-04-27 19:52:00', 3, 47, 'destination', 1, 0, 0, 1),
	(0, '0001-01-01 00:00:00', '2018-04-27 19:52:00', 3, 47, 'destination', 1, 0, 0, 1),
	(174, '2018-04-26 19:53:00', '2018-04-26 19:53:00', 1, 42, 'waypoint', 18, 0, 0, 1),
	(175, '2018-04-26 19:53:00', '2018-04-26 19:53:00', 1, 42, 'waypoint', 18, 0, 0, 1),
	(176, '2018-05-24 16:58:00', '2018-04-27 18:40:00', 3, 48, 'current', 1, 2, 2, 1),
	(179, '2018-05-24 16:58:00', '2018-04-27 18:26:00', 5, 49, 'current', 2, 1, 1, 1),
	(180, '2018-05-24 16:58:00', '2018-04-27 18:53:00', 5, 50, 'current', 2, 2, 2, 1),
	(181, '2018-05-24 16:58:00', '2018-04-27 19:14:00', 3, 47, 'current', 1, -1, 2, 1),
	(182, '2018-05-24 16:58:00', '2018-04-27 19:16:00', 1, 51, 'current', 2, 1, 1, 1),
	(183, '0001-01-01 00:00:00', '2018-04-27 19:19:00', 6, 51, 'current', 1, 2, 2, 1),
	(184, '0001-01-01 00:00:00', '2018-04-27 19:19:00', 6, 51, 'destination', 2, 0, 0, 1),
	(185, '0001-01-01 00:00:00', '2018-04-27 19:19:00', 6, 51, 'enterVTS', 2, 0, 0, 1),
	(186, '0001-01-01 00:00:00', '2018-04-27 19:20:00', 6, 51, 'exitVTS', 1, 0, 0, 1),
	(187, '0001-01-01 00:00:00', '2018-04-27 20:12:00', 4, 37, 'current', 1, 2, 2, 1),
	(188, '0001-01-01 00:00:00', '2018-04-27 20:12:00', 4, 37, 'destination', 2, 0, 0, 1),
	(189, '0001-01-01 00:00:00', '2018-04-27 20:19:00', 5, 52, 'current', 2, 0, 0, 1),
	(190, '0001-01-01 00:00:00', '2018-04-27 20:19:00', 5, 52, 'destination', 1, 0, 0, 1),
	(191, '0001-01-01 00:00:00', '2018-04-27 20:19:00', 5, 52, 'enterVTS', 1, 0, 0, 1),
	(192, '0001-01-01 00:00:00', '2018-04-27 20:19:00', 5, 52, 'exitVTS', 2, 0, 0, 1),
	(193, '0001-01-01 00:00:00', '2018-04-27 20:48:00', 6, 45, 'current', 2, 2, 2, 1),
	(194, '0001-01-01 00:00:00', '2018-04-27 20:48:00', 6, 45, 'destination', 1, 0, 0, 1),
	(195, '0001-01-01 00:00:00', '2018-04-27 20:48:00', 6, 45, 'enterVTS', 1, 0, 0, 1),
	(196, '0001-01-01 00:00:00', '2018-04-27 20:48:00', 6, 45, 'exitVTS', 2, 0, 0, 1),
	(197, '0001-01-01 00:00:00', '2018-04-27 20:27:00', 9, 54, 'current', 1, 1, 1, 1),
	(198, '0001-01-01 00:00:00', '2018-04-27 20:27:00', 9, 54, 'destination', 1, 0, 0, 1),
	(199, '0001-01-01 00:00:00', '2018-04-27 20:27:00', 9, 54, 'enterVTS', 2, 0, 0, 1),
	(200, '0001-01-01 00:00:00', '2018-04-27 20:27:00', 9, 54, 'exitVTS', 2, 0, 0, 1),
	(201, '0001-01-01 00:00:00', '2018-04-27 20:27:00', 10, 33, 'current', 2, 0, 0, 1),
	(202, '0001-01-01 00:00:00', '2018-04-27 20:27:00', 10, 33, 'destination', 2, 0, 0, 1),
	(203, '0001-01-01 00:00:00', '2018-04-27 20:27:00', 10, 33, 'enterVTS', 2, 0, 0, 1),
	(204, '0001-01-01 00:00:00', '2018-04-27 20:27:00', 10, 33, 'exitVTS', 2, 0, 0, 1),
	(205, '0001-01-01 00:00:00', '2018-04-27 20:33:00', 1, 14, 'enterVTS', 1, 0, 0, 1),
	(206, '0001-01-01 00:00:00', '2018-04-27 20:33:00', 1, 14, 'exitVTS', 2, 0, 0, 1),
	(207, '2018-04-26 19:53:00', '2018-04-26 19:53:00', 1, 14, 'waypoint', 18, 0, 0, 1),
	(208, '2018-04-26 19:53:00', '2018-04-26 19:53:00', 1, 14, 'waypoint', 18, 0, 0, 1),
	(209, '0001-01-01 00:00:00', '2018-04-30 20:11:00', 1, 55, 'current', 1, 5, 5, 1),
	(210, '0001-01-01 00:00:00', '2018-04-30 20:11:00', 1, 55, 'destination', 2, 0, 0, 1),
	(211, '0001-01-01 00:00:00', '2018-04-30 20:11:00', 1, 55, 'enterVTS', 2, 0, 0, 1),
	(212, '0001-01-01 00:00:00', '2018-04-30 20:10:00', 1, 55, 'exitVTS', 2, 0, 0, 1),
	(213, '0001-01-01 00:00:00', '2018-05-02 00:52:00', 1, 55, 'current', 1, 6, 6, 1),
	(214, '0001-01-01 00:00:00', '2018-05-02 00:24:00', 1, 55, 'destination', 24, 0, 0, 1),
	(215, '0001-01-01 00:00:00', '2018-05-02 00:48:00', 1, 55, 'enterVTS', 2, 0, 0, 1),
	(216, '0001-01-01 00:00:00', '2018-05-02 00:51:00', 1, 55, 'exitVTS', 1, 0, 0, 1),
	(260, '0001-01-01 00:00:00', '2018-05-02 01:55:00', 2, 56, 'current', 30, 25, 25, 1),
	(261, '0001-01-01 00:00:00', '2018-05-02 01:55:00', 2, 56, 'destination', 31, 0, 0, 1),
	(262, '0001-01-01 00:00:00', '2018-05-02 01:55:00', 2, 56, 'enterVTS', 32, 0, 0, 1),
	(263, '0001-01-01 00:00:00', '2018-05-02 01:55:00', 2, 56, 'exitVTS', 33, 0, 0, 1),
	(266, '2018-05-02 00:47:00', '2018-05-02 00:47:00', 1, 55, 'waypoint', 29, 0, 0, 1),
	(267, '0001-01-01 00:00:00', '2018-05-02 19:57:00', 1, 57, 'current', 34, 0, 0, 1),
	(268, '0001-01-01 00:00:00', '2018-05-02 19:57:00', 1, 57, 'destination', 2, 0, 0, 1),
	(269, '0001-01-01 00:00:00', '2018-05-02 19:57:00', 1, 57, 'enterVTS', 35, 0, 0, 1),
	(270, '0001-01-01 00:00:00', '2018-05-02 19:57:00', 1, 57, 'exitVTS', 36, 0, 0, 1),
	(275, '0001-01-01 00:00:00', '2018-05-02 19:58:00', 1, 57, 'current', 37, 15, 15, 1),
	(276, '0001-01-01 00:00:00', '2018-05-02 19:58:00', 1, 57, 'destination', 38, 0, 0, 1),
	(277, '0001-01-01 00:00:00', '2018-05-02 19:58:00', 1, 57, 'enterVTS', 39, 0, 0, 1),
	(278, '0001-01-01 00:00:00', '2018-05-02 19:58:00', 1, 57, 'exitVTS', 40, 0, 0, 1),
	(280, '0001-01-01 00:00:00', '2018-05-02 19:59:00', 1, 57, 'current', 41, 15, 15, 1),
	(281, '0001-01-01 00:00:00', '2018-05-02 19:59:00', 1, 57, 'destination', 1, 0, 0, 1),
	(282, '0001-01-01 00:00:00', '2018-05-02 19:59:00', 1, 57, 'enterVTS', 42, 0, 0, 1),
	(283, '0001-01-01 00:00:00', '2018-05-02 19:59:00', 1, 57, 'exitVTS', 43, 0, 0, 1),
	(285, '0001-01-01 00:00:00', '2018-05-02 20:00:00', 1, 57, 'current', 44, 15, 15, 1),
	(286, '0001-01-01 00:00:00', '2018-05-02 20:00:00', 1, 57, 'destination', 2, 0, 0, 1),
	(287, '0001-01-01 00:00:00', '2018-05-02 20:00:00', 1, 57, 'enterVTS', 45, 0, 0, 1),
	(288, '0001-01-01 00:00:00', '2018-05-02 20:00:00', 1, 57, 'exitVTS', 46, 0, 0, 1),
	(289, '0001-01-01 00:00:00', '2018-05-02 20:01:00', 1, 57, 'current', 47, 2315, 2135, 1),
	(290, '0001-01-01 00:00:00', '2018-05-02 20:01:00', 1, 57, 'destination', 2, 0, 0, 1),
	(291, '0001-01-01 00:00:00', '2018-05-02 20:01:00', 1, 57, 'enterVTS', 48, 0, 0, 1),
	(292, '0001-01-01 00:00:00', '2018-05-02 20:01:00', 1, 57, 'exitVTS', 49, 0, 0, 1),
	(294, '0001-01-01 00:00:00', '2018-05-02 20:02:00', 1, 58, 'current', 51, 0, 0, 1),
	(295, '0001-01-01 00:00:00', '2018-05-02 20:02:00', 1, 58, 'destination', 52, 0, 0, 1),
	(296, '0001-01-01 00:00:00', '2018-05-02 20:02:00', 1, 58, 'enterVTS', 53, 0, 0, 1),
	(297, '0001-01-01 00:00:00', '2018-05-02 20:02:00', 1, 58, 'exitVTS', 54, 0, 0, 1),
	(299, '0001-01-01 00:00:00', '2018-05-02 20:04:00', 1, 59, 'current', 56, 0, 0, 1),
	(300, '0001-01-01 00:00:00', '2018-05-02 20:04:00', 1, 59, 'destination', 57, 0, 0, 1),
	(301, '0001-01-01 00:00:00', '2018-05-02 20:04:00', 1, 59, 'enterVTS', 58, 0, 0, 1),
	(302, '0001-01-01 00:00:00', '2018-05-02 20:04:00', 1, 59, 'exitVTS', 59, 0, 0, 1),
	(304, '0001-01-01 00:00:00', '2018-05-02 20:05:00', 1, 57, 'current', 61, 0, 0, 1),
	(305, '0001-01-01 00:00:00', '2018-05-02 20:05:00', 1, 57, 'destination', 62, 0, 0, 1),
	(306, '0001-01-01 00:00:00', '2018-05-02 20:05:00', 1, 57, 'enterVTS', 63, 0, 0, 1),
	(307, '0001-01-01 00:00:00', '2018-05-02 20:05:00', 1, 57, 'exitVTS', 64, 0, 0, 1),
	(309, '2018-05-02 20:05:00', '2018-05-02 20:05:00', 1, 57, 'waypoint', 65, 0, 0, 2),
	(310, '2018-05-02 20:06:00', '2018-05-02 20:06:00', 1, 57, 'waypoint', 66, 0, 0, 1),
	(311, '0001-01-01 00:00:00', '2018-05-02 20:06:00', 1, 57, 'current', 67, 0, 0, 1),
	(312, '0001-01-01 00:00:00', '2018-05-02 20:06:00', 1, 57, 'destination', 68, 0, 0, 1),
	(313, '0001-01-01 00:00:00', '2018-05-02 20:06:00', 1, 57, 'enterVTS', 69, 0, 0, 1),
	(314, '0001-01-01 00:00:00', '2018-05-02 20:06:00', 1, 57, 'exitVTS', 70, 0, 0, 1),
	(315, '2018-05-02 20:06:00', '2018-05-02 20:06:00', 1, 57, 'waypoint', 71, 0, 0, 2),
	(316, '0001-01-01 00:00:00', '2018-05-02 20:10:00', 1, 57, 'current', 72, 0, 0, 1),
	(317, '0001-01-01 00:00:00', '2018-05-02 20:10:00', 1, 57, 'destination', 73, 0, 0, 1),
	(318, '0001-01-01 00:00:00', '2018-05-02 20:10:00', 1, 57, 'enterVTS', 74, 0, 0, 1),
	(319, '0001-01-01 00:00:00', '2018-05-02 20:10:00', 1, 57, 'exitVTS', 75, 0, 0, 1),
	(320, '2018-05-02 20:10:00', '2018-05-02 20:10:00', 1, 57, 'waypoint', 76, 0, 0, 2),
	(321, '0001-01-01 00:00:00', '2018-05-02 20:18:00', 1, 57, 'current', 77, 15, 0, 1),
	(322, '0001-01-01 00:00:00', '2018-05-02 20:18:00', 1, 57, 'destination', 78, 0, 0, 1),
	(323, '0001-01-01 00:00:00', '2018-05-02 20:18:00', 1, 57, 'enterVTS', 79, 0, 0, 1),
	(324, '0001-01-01 00:00:00', '2018-05-02 20:18:00', 1, 57, 'exitVTS', 80, 0, 0, 1),
	(325, '2018-05-02 20:18:00', '2018-05-02 20:18:00', 1, 57, 'waypoint', 81, 0, 0, 2),
	(326, '0001-01-01 00:00:00', '2018-05-02 20:19:00', 1, 58, 'current', 82, 25, 25, 1),
	(327, '0001-01-01 00:00:00', '2018-05-02 20:19:00', 1, 58, 'destination', 83, 0, 0, 1),
	(328, '0001-01-01 00:00:00', '2018-05-02 20:19:00', 1, 58, 'enterVTS', 84, 0, 0, 1),
	(329, '0001-01-01 00:00:00', '2018-05-02 20:19:00', 1, 58, 'exitVTS', 85, 0, 0, 1),
	(331, '0001-01-01 00:00:00', '2018-05-02 20:19:00', 1, 58, 'current', 87, 0, 0, 1),
	(332, '0001-01-01 00:00:00', '2018-05-02 20:19:00', 1, 58, 'destination', 88, 0, 0, 1),
	(333, '0001-01-01 00:00:00', '2018-05-02 20:19:00', 1, 58, 'enterVTS', 89, 0, 0, 1),
	(334, '0001-01-01 00:00:00', '2018-05-02 20:19:00', 1, 58, 'exitVTS', 90, 0, 0, 1),
	(335, '0001-01-01 00:00:00', '2018-05-02 20:27:00', 1, 59, 'current', 91, 44, 44, 1),
	(336, '0001-01-01 00:00:00', '2018-05-02 20:27:00', 1, 59, 'destination', 92, 0, 0, 1),
	(337, '0001-01-01 00:00:00', '2018-05-02 20:27:00', 1, 59, 'enterVTS', 93, 0, 0, 1),
	(338, '0001-01-01 00:00:00', '2018-05-02 20:27:00', 1, 59, 'exitVTS', 94, 0, 0, 1),
	(342, '0001-01-01 00:00:00', '2018-05-02 20:32:00', 1, 59, 'current', 96, 0, 0, 1),
	(343, '0001-01-01 00:00:00', '2018-05-02 20:32:00', 1, 59, 'destination', 97, 0, 0, 1),
	(344, '0001-01-01 00:00:00', '2018-05-02 20:32:00', 1, 59, 'enterVTS', 98, 0, 0, 1),
	(345, '0001-01-01 00:00:00', '2018-05-02 20:32:00', 1, 59, 'exitVTS', 99, 0, 0, 1),
	(347, '0001-01-01 00:00:00', '2018-05-02 20:44:00', 0, 60, 'current', 101, 0, 0, 1),
	(348, '0001-01-01 00:00:00', '2018-05-02 20:44:00', 0, 60, 'destination', 102, 0, 0, 1),
	(349, '0001-01-01 00:00:00', '2018-05-02 20:44:00', 0, 60, 'enterVTS', 103, 0, 0, 1),
	(350, '0001-01-01 00:00:00', '2018-05-02 20:44:00', 0, 60, 'exitVTS', 104, 0, 0, 1),
	(351, '0001-01-01 00:00:00', '2018-05-02 20:45:00', 0, 61, 'current', 105, 0, 0, 1),
	(352, '0001-01-01 00:00:00', '2018-05-02 20:45:00', 0, 61, 'destination', 106, 0, 0, 1),
	(353, '0001-01-01 00:00:00', '2018-05-02 20:45:00', 0, 61, 'enterVTS', 107, 0, 0, 1),
	(354, '0001-01-01 00:00:00', '2018-05-02 20:45:00', 0, 61, 'exitVTS', 108, 0, 0, 1),
	(355, '0001-01-01 00:00:00', '2018-05-02 22:45:00', 1, 62, 'current', 109, 25, 25, 1),
	(356, '0001-01-01 00:00:00', '2018-05-02 22:45:00', 1, 62, 'destination', 110, 0, 0, 1),
	(357, '0001-01-01 00:00:00', '2018-05-02 22:45:00', 1, 62, 'enterVTS', 111, 0, 0, 1),
	(358, '0001-01-01 00:00:00', '2018-05-02 22:45:00', 1, 62, 'exitVTS', 112, 0, 0, 1),
	(359, '0001-01-01 00:00:00', '2018-05-02 22:46:00', 1, 62, 'current', 113, 11, 11, 1),
	(360, '0001-01-01 00:00:00', '2018-05-02 22:46:00', 1, 62, 'destination', 114, 0, 0, 1),
	(361, '0001-01-01 00:00:00', '2018-05-02 22:46:00', 1, 62, 'enterVTS', 115, 0, 0, 1),
	(362, '0001-01-01 00:00:00', '2018-05-02 22:46:00', 1, 62, 'exitVTS', 116, 0, 0, 1),
	(363, '0001-01-01 00:00:00', '2018-05-02 22:48:00', 1, 62, 'current', 119, 0, 0, 1),
	(364, '0001-01-01 00:00:00', '2018-05-02 22:48:00', 1, 62, 'destination', 1, 0, 0, 1),
	(365, '0001-01-01 00:00:00', '2018-05-02 22:48:00', 1, 62, 'enterVTS', 121, 0, 0, 1),
	(366, '0001-01-01 00:00:00', '2018-05-02 22:48:00', 1, 62, 'exitVTS', 122, 0, 0, 1),
	(367, '0001-01-01 00:00:00', '2018-05-02 22:54:00', 1, 62, 'current', 125, 0, 0, 1),
	(368, '0001-01-01 00:00:00', '2018-05-02 22:54:00', 1, 62, 'destination', 126, 0, 0, 1),
	(369, '0001-01-01 00:00:00', '2018-05-02 22:54:00', 1, 62, 'enterVTS', 127, 0, 0, 1),
	(370, '0001-01-01 00:00:00', '2018-05-02 22:54:00', 1, 62, 'exitVTS', 128, 0, 0, 1),
	(371, '2018-05-02 22:54:00', '2018-05-02 22:54:00', 1, 62, 'waypoint', 129, 0, 0, 1),
	(372, '0001-01-01 00:00:00', '2018-05-14 21:24:00', 1, 63, 'current', 130, 0, 0, 1),
	(373, '0001-01-01 00:00:00', '2018-05-14 21:24:00', 1, 63, 'destination', 131, 0, 0, 1),
	(374, '0001-01-01 00:00:00', '2018-05-14 21:24:00', 1, 63, 'enterVTS', 132, 0, 0, 1),
	(375, '0001-01-01 00:00:00', '2018-05-14 21:24:00', 1, 63, 'exitVTS', 133, 0, 0, 1),
	(376, '0001-01-01 00:00:00', '2018-05-14 21:44:00', 3, 63, 'current', 134, 10, 55, 1),
	(377, '0001-01-01 00:00:00', '2018-05-14 21:44:00', 3, 63, 'destination', 135, 0, 0, 1),
	(378, '0001-01-01 00:00:00', '2018-05-14 21:44:00', 3, 63, 'enterVTS', 136, 0, 0, 1),
	(379, '0001-01-01 00:00:00', '2018-05-14 21:44:00', 3, 63, 'exitVTS', 137, 0, 0, 1),
	(380, '0001-01-01 00:00:00', '2018-05-22 14:11:00', 3, 64, 'current', 138, 0, 0, 1),
	(381, '0001-01-01 00:00:00', '2018-05-22 14:11:00', 3, 64, 'destination', 139, 0, 0, 1),
	(382, '0001-01-01 00:00:00', '2018-05-22 14:11:00', 3, 64, 'enterVTS', 140, 0, 0, 1),
	(383, '0001-01-01 00:00:00', '2018-05-22 14:11:00', 3, 64, 'exitVTS', 141, 0, 0, 1),
	(384, '0001-01-01 00:00:00', '2018-05-22 14:15:00', 3, 65, 'current', 142, 4, 4, 1),
	(385, '0001-01-01 00:00:00', '2018-05-22 14:15:00', 3, 65, 'destination', 143, 0, 0, 1),
	(386, '0001-01-01 00:00:00', '2018-05-22 14:15:00', 3, 65, 'enterVTS', 144, 0, 0, 1),
	(387, '0001-01-01 00:00:00', '2018-05-22 14:15:00', 3, 65, 'exitVTS', 145, 0, 0, 1),
	(388, '0001-01-01 00:00:00', '2018-05-22 14:50:00', 3, 64, 'current', 146, 1, 1, 1),
	(389, '0001-01-01 00:00:00', '2018-05-22 14:50:00', 3, 64, 'destination', 147, 0, 0, 1),
	(390, '0001-01-01 00:00:00', '2018-05-22 14:50:00', 3, 64, 'enterVTS', 148, 0, 0, 1),
	(391, '0001-01-01 00:00:00', '2018-05-22 14:50:00', 3, 64, 'exitVTS', 149, 0, 0, 1),
	(392, '2018-05-01 02:00:00', '2018-05-31 17:49:00', 2, 65, 'current', 1, 0, 0, 1),
	(393, '2018-05-03 22:00:00', '2018-05-31 17:49:00', 2, 65, 'destination', 2, 0, 0, 1),
	(394, '0001-01-01 00:00:00', '2018-05-23 23:36:00', 2, 65, 'enterVTS', 152, 0, 0, 1),
	(395, '0001-01-01 00:00:00', '2018-05-23 23:36:00', 2, 65, 'exitVTS', 153, 0, 0, 1),
	(396, '2018-05-23 00:00:00', '2018-05-23 23:40:00', 3, 66, 'current', 1, 12, 2, 1),
	(397, '2018-02-04 02:00:00', '2018-05-23 23:44:00', 3, 66, 'destination', 2, 0, 0, 1),
	(398, '0001-01-01 00:00:00', '2018-05-23 23:40:00', 3, 66, 'enterVTS', 155, 0, 0, 1),
	(399, '0001-01-01 00:00:00', '2018-05-23 23:40:00', 3, 66, 'exitVTS', 156, 0, 0, 1),
	(400, '2018-05-01 01:00:00', '2018-05-24 00:29:00', 1, 67, 'current', 2, 11, 0, 1),
	(401, '2018-05-02 00:00:00', '2018-05-24 00:29:00', 1, 67, 'destination', 1, 0, 0, 1),
	(402, '0001-01-01 00:00:00', '2018-05-24 00:29:00', 1, 67, 'enterVTS', 157, 0, 0, 1),
	(403, '0001-01-01 00:00:00', '2018-05-24 00:29:00', 1, 67, 'exitVTS', 158, 0, 0, 1),
	(404, '0001-01-01 00:00:00', '2018-05-24 18:09:00', 0, 68, 'current', 159, 0, 0, 1),
	(405, '0001-01-01 00:00:00', '2018-05-24 18:09:00', 0, 68, 'destination', 160, 0, 0, 1),
	(406, '0001-01-01 00:00:00', '2018-05-24 18:09:00', 0, 68, 'enterVTS', 161, 0, 0, 1),
	(407, '0001-01-01 00:00:00', '2018-05-24 18:09:00', 0, 68, 'exitVTS', 162, 0, 0, 1),
	(408, '0001-01-01 00:00:00', '2018-05-24 19:22:00', 0, 69, 'current', 163, 0, 0, 1),
	(409, '0001-01-01 00:00:00', '2018-05-24 19:22:00', 0, 69, 'destination', 164, 0, 0, 1),
	(410, '0001-01-01 00:00:00', '2018-05-24 19:22:00', 0, 69, 'enterVTS', 165, 0, 0, 1),
	(411, '0001-01-01 00:00:00', '2018-05-24 19:22:00', 0, 69, 'exitVTS', 166, 0, 0, 1),
	(412, '0001-01-01 00:00:00', '2018-05-25 13:43:00', 0, 70, 'current', 167, 0, 0, 1),
	(413, '0001-01-01 00:00:00', '2018-05-25 13:43:00', 0, 70, 'destination', 168, 0, 0, 1),
	(414, '0001-01-01 00:00:00', '2018-05-25 13:43:00', 0, 70, 'enterVTS', 169, 0, 0, 1),
	(415, '0001-01-01 00:00:00', '2018-05-25 13:43:00', 0, 70, 'exitVTS', 170, 0, 0, 1),
	(416, '0001-01-01 00:00:00', '2018-05-25 15:13:00', 1, 71, 'current', 171, 0, 0, 1),
	(417, '0001-01-01 00:00:00', '2018-05-25 15:13:00', 1, 71, 'destination', 172, 0, 0, 1),
	(418, '0001-01-01 00:00:00', '2018-05-25 15:13:00', 1, 71, 'enterVTS', 173, 0, 0, 1),
	(419, '0001-01-01 00:00:00', '2018-05-25 15:13:00', 1, 71, 'exitVTS', 174, 0, 0, 1),
	(420, '2018-05-31 17:49:00', '2018-05-31 17:49:00', 2, 65, 'waypoint', 175, 0, 0, 1),
	(421, '2018-05-31 17:49:00', '2018-05-31 17:49:00', 2, 65, 'waypoint', 176, 0, 0, 1),
	(422, '0001-01-01 00:00:00', '2018-06-08 00:09:00', 5, 71, 'current', 177, 0, 0, 1),
	(423, '0001-01-01 00:00:00', '2018-06-08 00:09:00', 5, 71, 'destination', 178, 0, 0, 1),
	(424, '0001-01-01 00:00:00', '2018-06-08 00:09:00', 5, 71, 'enterVTS', 179, 0, 0, 1),
	(425, '0001-01-01 00:00:00', '2018-06-08 00:09:00', 5, 71, 'exitVTS', 180, 0, 0, 1),
	(426, '0001-01-01 00:00:00', '2018-06-19 01:23:00', 0, 72, 'current', 2, 0, 0, 1),
	(427, '0001-01-01 00:00:00', '2018-06-19 01:23:00', 0, 72, 'destination', 1, 0, 0, 1),
	(428, '0001-01-01 00:00:00', '2018-06-19 01:23:00', 0, 72, 'enterVTS', 4, 0, 0, 1),
	(429, '0001-01-01 00:00:00', '2018-06-19 01:23:00', 0, 72, 'exitVTS', 5, 0, 0, 1);
/*!40000 ALTER TABLE `traffic_event` ENABLE KEYS */;


-- Dumping structure for table sigv2.trip
DROP TABLE IF EXISTS `trip`;
CREATE TABLE IF NOT EXISTS `trip` (
  `trip_id` bigint(20) NOT NULL,
  `vessel_id` bigint(20) NOT NULL,
  `trip_number` bigint(20) NOT NULL,
  `status_id` bigint(20) NOT NULL,
  `activity` varchar(50) CHARACTER SET utf8 NOT NULL,
  `people_aboard` bigint(20) NOT NULL,
  `agent` varchar(75) CHARACTER SET utf8 NOT NULL,
  `master` varchar(75) CHARACTER SET utf8 NOT NULL,
  `current_event_id` bigint(20) NOT NULL,
  `destination_event_id` bigint(20) NOT NULL,
  `enter_vts_zone_id` bigint(20) NOT NULL,
  `exit_vts_zone_id` bigint(20) NOT NULL,
  `draught` decimal(18,0) NOT NULL,
  `last_port_of_call` varchar(75) CHARACTER SET utf8 NOT NULL
) ENGINE=InnoDB DEFAULT CHARSET=utf8 COLLATE=utf8_unicode_ci;

-- Dumping data for table sigv2.trip: ~22 rows (approximately)
/*!40000 ALTER TABLE `trip` DISABLE KEYS */;
REPLACE INTO `trip` (`trip_id`, `vessel_id`, `trip_number`, `status_id`, `activity`, `people_aboard`, `agent`, `master`, `current_event_id`, `destination_event_id`, `enter_vts_zone_id`, `exit_vts_zone_id`, `draught`, `last_port_of_call`) VALUES
	(4, 0, 4004, 7, '', 0, '', '', 0, 0, 0, 0, 0, ''),
	(5, 0, 5005, 7, '', 0, '', '', 0, 0, 0, 0, 0, ''),
	(6, 0, 5006, 7, '', 0, '', '', 0, 0, 0, 0, 0, ''),
	(7, 0, 5007, 7, '', 0, '', '', 0, 0, 0, 0, 0, ''),
	(8, 5, 5008, 7, '', 4444, '', '', 1, 2, 0, 0, 4, ''),
	(10, 0, 5010, 7, '', 0, '', '', 0, 0, 0, 0, 0, ''),
	(44, 8, 5044, 7, '', 0, '', '', 0, 0, 0, 0, 0, ''),
	(49, 5, 5049, 7, '', 0, '', '', 179, 0, 0, 0, 0, ''),
	(50, 5, 5050, 7, '', 0, '', '', 180, 0, 0, 0, 0, ''),
	(51, 6, 5051, 7, '', 0, '', '', 183, 184, 185, 186, 0, ''),
	(52, 5, 5052, 7, '', 0, '', '', 189, 190, 191, 192, 0, ''),
	(54, 9, 5054, 7, '', 0, '', '', 197, 198, 199, 200, 0, ''),
	(60, 0, 5060, 7, '', 0, '', '', 347, 348, 349, 350, 0, ''),
	(61, 0, 5061, 7, '', 0, '', '', 351, 352, 353, 354, 0, ''),
	(62, 1, 5062, 7, '', 0, '', '', 367, 368, 369, 370, 0, ''),
	(63, 3, 5063, 7, '', 5, 'm', 'm', 376, 377, 378, 379, 10, 'm'),
	(65, 2, 5065, 7, '', 25, 'Baker', 'Mack', 392, 393, 394, 395, 12, 'Quebec'),
	(68, 0, 5068, 7, '', 9999, '', '', 404, 405, 406, 407, 0, ''),
	(69, 0, 5069, 7, '', 0, '', '', 408, 409, 410, 411, 0, ''),
	(70, 0, 5070, 7, '', 0, '', '', 412, 413, 414, 415, 0, ''),
	(71, 5, 5071, 7, '', 0, '', '', 422, 423, 424, 425, 0, ''),
	(72, 0, 5072, 7, '', 25, 'C', 'M', 426, 427, 428, 429, 6, 'Quebec');
/*!40000 ALTER TABLE `trip` ENABLE KEYS */;


-- Dumping structure for table sigv2.user
DROP TABLE IF EXISTS `user`;
CREATE TABLE IF NOT EXISTS `user` (
  `user_id` bigint(20) NOT NULL AUTO_INCREMENT,
  `user_role_id` bigint(20) DEFAULT NULL,
  `user_name` varchar(75) CHARACTER SET utf8 DEFAULT NULL,
  `first_name` varchar(75) CHARACTER SET utf8 DEFAULT NULL,
  `last_name` varchar(75) CHARACTER SET utf8 DEFAULT NULL,
  `password` varchar(200) CHARACTER SET utf8 NOT NULL,
  `organisation` varchar(75) CHARACTER SET utf8 DEFAULT NULL,
  `email` varchar(75) CHARACTER SET utf8 NOT NULL,
  `status_id` bigint(20) DEFAULT NULL,
  `role` enum('USER','ADMIN') COLLATE utf8_unicode_ci NOT NULL DEFAULT 'USER',
  PRIMARY KEY (`user_id`),
  UNIQUE KEY `email` (`email`)
) ENGINE=InnoDB AUTO_INCREMENT=25 DEFAULT CHARSET=utf8 COLLATE=utf8_unicode_ci;

-- Dumping data for table sigv2.user: ~12 rows (approximately)
/*!40000 ALTER TABLE `user` DISABLE KEYS */;
REPLACE INTO `user` (`user_id`, `user_role_id`, `user_name`, `first_name`, `last_name`, `password`, `organisation`, `email`, `status_id`, `role`) VALUES
	(1, 1, 'admin', 'Administrator', 'System', '$2a$10$ebyC4Z5WtCXXc.HGDc1Yoe6CLFzcntFmfse6/pTj7CeDY5I05w16C', 'XST', 'admin.system@xst.ca', 2, 'ADMIN'),
	(2, 2, 'reader', 'Read', 'Only', 'd2029280c9a03adea493889203fff15e0b8759ee20f9483e7186f031a0f86097', 'XST', 'read.only@xst.ca', 2, 'USER'),
	(3, 0, 'LpGobeil', 'Louis', 'Gobeil', '4b303a86dbe5d444850fe692c4ea4e0f772a35dcf45e26c7999c40dfec740585', 'XST', 'louis-philippe.gobeil@xst.ca', 1, 'USER'),
	(4, 5, 'samcaron', 'Samuel', 'Caron', 'd2029280c9a03adea493889203fff15e0b8759ee20f9483e7186f031a0f86097', 'XST', 'samuel.caron@xst.ca', 2, 'USER'),
	(5, 0, 'Émile Gélinas', 'Émile', 'Gélinas', 'd2029280c9a03adea493889203fff15e0b8759ee20f9483e7186f031a0f86097', 'XST', 'gelinas.emile@xst.ca', 3, 'USER'),
	(6, 0, 'Alex', 'Alex', 'Lac', '4e70aa8c3fae21f07c95a8dd3772f2bce26229d0d0e4b56e15f6f1ef3055c4df', 'Alex', 'alexlacasse25@hotmail.com', 1, 'USER'),
	(11, 0, 'test', 'Test', 'test', 'd2029280c9a03adea493889203fff15e0b8759ee20f9483e7186f031a0f86097', 'test', 'test@xst.ca', 1, 'USER'),
	(12, 0, 'test2', 'test2', 'test2', 'd2029280c9a03adea493889203fff15e0b8759ee20f9483e7186f031a0f86097', 'test2', 'test2@xst.ca', 1, 'USER'),
	(13, 0, 'LaboGcc', 'Labo', 'GCC', 'd2029280c9a03adea493889203fff15e0b8759ee20f9483e7186f031a0f86097', 'GCC', 'Labo@gcc.ca', 2, 'USER'),
	(14, 6, 'morinma', 'Marc-André', 'Morin', 'a5709dc3294d702b83d7f37902e6b608c9008d1e1ac2b84f155ad96c7f031d60', 'CCG', 'marc-andre.morin@dfo-mpo.gc.ca', 2, 'USER'),
	(15, 6, 'mathieu', 'Mathieu', 'Châteauvert', '968f4a745911230591f5fe2ee60415fdadec2430008f70b9b2e5c83893ffdcda', 'GCC', 'mathieu.chateauvert@dfo-mpo.gc.ca', 2, 'USER'),
	(16, 1, 'admin', 'Admin', 'Admin', '$2a$10$ebyC4Z5WtCXXc.HGDc1Yoe6CLFzcntFmfse6/pTj7CeDY5I05w16C', 'XST', 'demo@localhost', 2, 'ADMIN'),
	(23, NULL, NULL, NULL, NULL, '$2a$10$BLg7baPKB/oOlSabM15W.O9a2O9O4jsFErr5L0DqBN7F4j9O2kcb6', NULL, 'msoucy@t.com', NULL, 'USER'),
	(24, NULL, NULL, NULL, NULL, '$2a$10$f2c03SzU0bFHEBAwl/YyEORAgxW0UlcnmPsVv20qMvQ3byRwx5ZZO', NULL, 'demo22@localhost', NULL, 'ADMIN');
/*!40000 ALTER TABLE `user` ENABLE KEYS */;


-- Dumping structure for table sigv2.user_role
DROP TABLE IF EXISTS `user_role`;
CREATE TABLE IF NOT EXISTS `user_role` (
  `user_role_id` bigint(20) NOT NULL,
  `prim_lang_name` varchar(75) CHARACTER SET utf8 NOT NULL,
  `seco_lang_name` varchar(75) CHARACTER SET utf8 NOT NULL,
  `fleet_id` bigint(20) NOT NULL
) ENGINE=InnoDB DEFAULT CHARSET=utf8 COLLATE=utf8_unicode_ci;

-- Dumping data for table sigv2.user_role: ~6 rows (approximately)
/*!40000 ALTER TABLE `user_role` DISABLE KEYS */;
REPLACE INTO `user_role` (`user_role_id`, `prim_lang_name`, `seco_lang_name`, `fleet_id`) VALUES
	(1, 'Administrator', 'Administrator', 3),
	(2, 'Reader', 'Lecteur', 2),
	(3, 'Nouveau Role', 'Nouveau Role', 2),
	(4, 'geeg', 'geeg', 1),
	(5, 'TestLab', 'TestLab', 2),
	(6, 'GCC', 'GCC', 4);
/*!40000 ALTER TABLE `user_role` ENABLE KEYS */;


-- Dumping structure for table sigv2.vessel
DROP TABLE IF EXISTS `vessel`;
CREATE TABLE IF NOT EXISTS `vessel` (
  `vessel_id` bigint(20) NOT NULL,
  `lloyds_number` bigint(20) NOT NULL,
  `mmsi_number` bigint(20) NOT NULL,
  `call_sign` varchar(25) CHARACTER SET utf8 NOT NULL,
  `current_name` varchar(75) CHARACTER SET utf8 NOT NULL,
  `year_construct` int(11) NOT NULL,
  `vessel_type` varchar(50) CHARACTER SET utf8 NOT NULL,
  `registry_port` varchar(75) CHARACTER SET utf8 NOT NULL,
  `ownerId` varchar(75) CHARACTER SET utf8 NOT NULL,
  `countryCode` varchar(75) CHARACTER SET utf8 NOT NULL,
  `ais_class` varchar(50) CHARACTER SET utf8 NOT NULL,
  `ice_class` varchar(50) CHARACTER SET utf8 NOT NULL,
  `maximum_draught` float NOT NULL,
  `maximum_power` float NOT NULL,
  `maximum_speed` float NOT NULL,
  `moulded_depth` float NOT NULL,
  `width` float NOT NULL,
  `height` float NOT NULL,
  `length` float NOT NULL,
  `tonnage_net` float NOT NULL,
  `tonnage_gross` float NOT NULL,
  `tonnage_deadweight` float NOT NULL,
  `status_id` bigint(20) NOT NULL
) ENGINE=InnoDB DEFAULT CHARSET=utf8 COLLATE=utf8_unicode_ci;

-- Dumping data for table sigv2.vessel: ~10 rows (approximately)
/*!40000 ALTER TABLE `vessel` DISABLE KEYS */;
REPLACE INTO `vessel` (`vessel_id`, `lloyds_number`, `mmsi_number`, `call_sign`, `current_name`, `year_construct`, `vessel_type`, `registry_port`, `ownerId`, `countryCode`, `ais_class`, `ice_class`, `maximum_draught`, `maximum_power`, `maximum_speed`, `moulded_depth`, `width`, `height`, `length`, `tonnage_net`, `tonnage_gross`, `tonnage_deadweight`, `status_id`) VALUES
	(1, 9311622, 636012814, 'A8IA6', 'VLADIMIR TIKHONOV', 2006, 'TANKER', 'MONROVIA', 'BASSETT OCEANWAY', 'LIBERIA', 'Class A', 'NN', 13.1, 29598, 14.3, 23, 50.06, 53.44, 280.5, 51548, 87146, 162397, 12),
	(2, 9273222, 316009560, 'VAAP', 'ALGOSCOTIA', 2004, 'TANKER', 'HALIFAX', '', 'CANADA', 'Class A', 'NN', 6.2, 8448, 16.1, 12.8, 23.75, 32.66, 148.75, 5609, 13352, 18610, 12),
	(3, 7510846, 316050000, 'CGDT', 'AMUNDSEN', 1979, 'ICEBREAKER', 'OTTAWA', '', 'CANADA', 'Class A', 'Ice Class 1', 7.3, 17700, 18.3, 10.8, 19.87, 27.25, 98.33, 1678, 5910, 2865, 12),
	(4, 9253727, 310749000, 'ZCET5', 'TORONTO EXPRESS', 2003, 'CARGO', 'HAMILTON', 'CANADA MARITIME', 'BERMUDA', 'Class A', 'NN', 10.9, 50680, 18.8, 21.5, 32.31, 56.88, 293.98, 22426, 55994, 47840, 13),
	(5, 8409355, 316007864, 'VD7857', 'CATHERINE LEGARDEUR', 1985, 'PASSENGER', 'QUEBEC', '', 'CANADA', 'Class A', 'Ice Class 1', 9.9, 2259, 6.9, 5.74, 21.34, 12.33, 62.5, 536, 1334, 556, 12),
	(6, 9590618, 636015294, 'A8ZT4', 'SEAS 11', 2013, 'CARGO', 'MONROVIA', 'AMINTA INTERNATIONAL SA', 'LIBERIA', 'Class A', '1C', 10.3, 11869, 14.6, 15.2, 28, 42.55, 190, 12223, 24196, 37200, 15),
	(7, 9345556, 316011810, 'CFH8966', 'OCEAN K.RUSBY', 2005, 'FIRE FIGHTING VESSEL', 'QUEBEC', '', 'CANADA', 'Class A', 'NN', 5.8, 5000, 12.6, 7.45, 11.14, 7.56, 30.8, 120, 402, 120, 12),
	(8, 9413913, 212340000, '5BTE2', 'MACCOA', 2009, 'CARGO', 'LIMASSOL', 'TRS RODE BV', 'CYPRUS', 'Class A', 'NN', 10.8, 9789, 12.7, 14.6, 23.98, 25.88, 185, 10208, 19814, 30898, 12),
	(9, 7109233, 316007848, 'VC7167', 'ALPHONSE DESJARDINS', 1971, 'PASSENGER', 'QUEBEC', '', 'CANADA', 'Class A', 'NN', 4.1, 3239, 12.2, 5.3, 21.8, 14.89, 66.47, 1130, 1741, 220, 13),
	(10, 9378371, 247279600, 'ICJY', 'FANTASIA', 2009, 'TANKER', 'BARI', 'MORFINI SPA', 'ITALY', 'Class A', 'NN', 10.9, 12889, 15, 19.1, 32.2, 35.69, 176, 13749, 29614, 51434, 17);
/*!40000 ALTER TABLE `vessel` ENABLE KEYS */;
/*!40101 SET SQL_MODE=IFNULL(@OLD_SQL_MODE, '') */;
/*!40014 SET FOREIGN_KEY_CHECKS=IF(@OLD_FOREIGN_KEY_CHECKS IS NULL, 1, @OLD_FOREIGN_KEY_CHECKS) */;
/*!40101 SET CHARACTER_SET_CLIENT=@OLD_CHARACTER_SET_CLIENT */;
